<xml xmlns="https://developers.google.com/blockly/xml" id="toolbox" style="display: none">
  <category id="ai_camera" name="AI CAMERA" colour="#0b5394" icon="camera">
    <block type="camera_init">
      <value name="BAUDRATE">
        <shadow type="math_number">
          <field name="NUM">115200</field>
        </shadow>
      </value>
    </block>
    <block type="ai_result">
      <value name="string">
        <shadow type="text">
          <field name="TEXT">nhom 1</field>
        </shadow>
      </value>
    </block>
    <block type="ai_update">
    </block>
    <block type="camera_read_data">
    </block> 
       
  </category>
</xml>